name, id,x,y,z,qx,qy,qz,qw
zone1, 1,0.42945367085567654,0.25325118753146386,0.25299339424612644,0.9260062224631311,0.37727474769476355,-0.012514973853432821,0.00442901127370538
zone2,2,0.3781301829874176,-0.1503387536971672,0.30083034068204684,0.9944839349665194,-0.10482783294815863,-0.0031881716093740188,-0.0016322054679552918
