id,x,y,z,qx,qy,qz,qw
1,-0.4083722843117516,-0.26096867564796306,-0.11876037670515444,0.533873505808935,-0.45595264148203263,-0.40371957875938536,0.5865976220947189
2,0.041160528534528396,-0.4645164588762756,-0.10087785064386308,0.710143416017814,-0.0819519512517086,-0.05631701684744872,0.6969997130458461
3,0.5166999107398242,0.06413202180001076,0.40017041283032356,-0.017063022471028044,-0.005353446264859715,0.6669315622758185,0.7449043462872118
4,-0.13118827308259734,0.33138184319802844,-0.06736701404611868,0.27512370223361365,-0.5838834419939932,-0.6918606364005743,0.32359841537607925
